execution model,problem type,build@1,pass@1,speedup@1,speedup_max@1,efficiency@1,efficiency_max@1,build@5,pass@5,speedup@5,speedup_max@5,efficiency@5,efficiency_max@5,build@10,pass@10,speedup@10,speedup_max@10,efficiency@10,efficiency_max@10,build@20,pass@20,speedup@20,speedup_max@20,efficiency@20,efficiency_max@20
cuda,dense_la,0.0,0.0,0.0,0.0,0.0,0.0,0.0,0.0,0.0,0.0,0.0,0.0,1.0,1.0,0.0,0.0,0.0,0.0,1.0,1.0,0.0,0.0,0.0,0.0
cuda,geometry,0.0,0.0,0.0,0.0,0.0,0.0,0.0,0.0,0.0,0.0,0.0,0.0,1.0,1.0,0.0,0.0,0.0,0.0,1.0,1.0,0.0,0.0,0.0,0.0
cuda,reduce,0.0,0.0,0.0,0.0,0.0,0.0,0.0,0.0,0.0,0.0,0.0,0.0,1.0,1.0,0.0,0.0,0.0,0.0,1.0,1.0,0.0,0.0,0.0,0.0
cuda,sort,0.0,0.0,0.0,0.0,0.0,0.0,0.0,0.0,0.0,0.0,0.0,0.0,1.0,1.0,0.0,0.0,0.0,0.0,1.0,1.0,0.0,0.0,0.0,0.0
cuda,sparse_la,0.0,0.0,0.0,0.0,0.0,0.0,0.0,0.0,0.0,0.0,0.0,0.0,1.0,1.0,0.0,0.0,0.0,0.0,1.0,1.0,0.0,0.0,0.0,0.0
cuda,transform,0.0,0.0,0.0,0.0,0.0,0.0,0.0,0.0,0.0,0.0,0.0,0.0,1.0,1.0,0.0,0.0,0.0,0.0,1.0,1.0,0.0,0.0,0.0,0.0
kokkos,dense_la,0.0,0.0,0.0,0.0,0.0,0.0,0.0,0.0,0.0,0.0,0.0,0.0,1.0,1.0,0.0,0.0,0.0,0.0,1.0,1.0,0.0,0.0,0.0,0.0
kokkos,geometry,0.0,0.0,0.0,0.0,0.0,0.0,0.0,0.0,0.0,0.0,0.0,0.0,1.0,1.0,0.0,0.0,0.0,0.0,1.0,1.0,0.0,0.0,0.0,0.0
kokkos,reduce,0.0,0.0,0.0,0.0,0.0,0.0,0.0,0.0,0.0,0.0,0.0,0.0,1.0,1.0,0.0,0.0,0.0,0.0,1.0,1.0,0.0,0.0,0.0,0.0
kokkos,sort,0.0,0.0,0.0,0.0,0.0,0.0,0.0,0.0,0.0,0.0,0.0,0.0,1.0,1.0,0.0,0.0,0.0,0.0,1.0,1.0,0.0,0.0,0.0,0.0
kokkos,sparse_la,0.0,0.0,0.0,0.0,0.0,0.0,0.0,0.0,0.0,0.0,0.0,0.0,1.0,1.0,0.0,0.0,0.0,0.0,1.0,1.0,0.0,0.0,0.0,0.0
kokkos,transform,0.0,0.0,0.0,0.0,0.0,0.0,0.0,0.0,0.0,0.0,0.0,0.0,1.0,1.0,0.0,0.0,0.0,0.0,1.0,1.0,0.0,0.0,0.0,0.0
mpi,dense_la,0.9104072398190045,0.0,0.0,0.0,0.0,0.0,0.9999676793794441,0.0,0.0,0.0,0.0,0.0,1.0,1.0,0.0,0.0,0.0,0.0,1.0,1.0,0.0,0.0,0.0,0.0
mpi,geometry,0.6066403162055336,0.025,0.0,2.8744188823720567,0.0,1.0198758407809299,0.7909090909090909,0.125,0.0,2.8744188823720567,0.0,1.0198758407809299,1.0,1.0,0.0,2.8744188823720567,0.0,1.0198758407809299,1.0,1.0,0.0,2.8744188823720567,0.0,1.0198758407809299
mpi,reduce,0.9708222811671087,0.09999999999999998,0.0,4.454458943720754,0.0,3.2954375786043433,1.0,0.2,0.0,17.817835774883015,0.0,13.181750314417373,1.0,1.0,0.0,17.817835774883015,0.0,13.181750314417373,1.0,1.0,0.0,17.817835774883015,0.0,13.181750314417373
mpi,sort,0.9862068965517242,0.0,0.0,0.0,0.0,0.0,1.0,0.0,0.0,0.0,0.0,0.0,1.0,1.0,0.0,0.0,0.0,0.0,1.0,1.0,0.0,0.0,0.0,0.0
mpi,sparse_la,0.993103448275862,0.0,0.0,0.0,0.0,0.0,1.0,0.0,0.0,0.0,0.0,0.0,1.0,1.0,0.0,0.0,0.0,0.0,1.0,1.0,0.0,0.0,0.0,0.0
mpi,transform,0.7739130434782608,0.0,0.0,0.0,0.0,0.0,0.8,0.0,0.0,0.0,0.0,0.0,1.0,1.0,0.0,0.0,0.0,0.0,1.0,1.0,0.0,0.0,0.0,0.0
mpi+omp,dense_la,0.9046153846153846,0.0,0.0,0.0,0.0,0.0,1.0,0.0,0.0,0.0,0.0,0.0,1.0,1.0,0.0,0.0,0.0,0.0,1.0,1.0,0.0,0.0,0.0,0.0
mpi+omp,geometry,0.5324675324675325,0.0,0.0,0.0,0.0,0.0,0.9721278721278722,0.0,0.0,0.0,0.0,0.0,1.0,1.0,0.0,0.0,0.0,0.0,1.0,1.0,0.0,0.0,0.0,0.0
mpi+omp,reduce,0.8344056543156991,0.0,0.0,0.0,0.0,0.0,0.9994005994005993,0.0,0.0,0.0,0.0,0.0,1.0,1.0,0.0,0.0,0.0,0.0,1.0,1.0,0.0,0.0,0.0,0.0
mpi+omp,sort,0.9035106880948666,0.0,0.0,0.0,0.0,0.0,0.9999676793794441,0.0,0.0,0.0,0.0,0.0,1.0,1.0,0.0,0.0,0.0,0.0,1.0,1.0,0.0,0.0,0.0,0.0
mpi+omp,sparse_la,1.0,0.0,0.0,0.0,0.0,0.0,1.0,0.0,0.0,0.0,0.0,0.0,1.0,1.0,0.0,0.0,0.0,0.0,1.0,1.0,0.0,0.0,0.0,0.0
mpi+omp,transform,0.6000775694893342,0.0,0.0,0.0,0.0,0.0,0.7993682787800435,0.0,0.0,0.0,0.0,0.0,1.0,1.0,0.0,0.0,0.0,0.0,1.0,1.0,0.0,0.0,0.0,0.0
omp,dense_la,0.9361111111111111,0.14999999999999997,0.0,1.0030141262267773,0.0,0.9937250865831329,1.0,0.3928571428571429,0.0,3.009042378680332,0.0,2.9811752597493983,1.0,1.0,0.0,3.009042378680332,0.0,2.9811752597493983,1.0,1.0,0.0,3.009042378680332,0.0,2.9811752597493983
omp,geometry,1.0,0.46875,0.0,0.8049186971089178,0.0,0.7868080180307366,1.0,0.5,0.0,0.6018988773671063,0.0,0.5946388065393382,1.0,1.0,0.0,6.072258166242758,0.0,5.935203978842944,1.0,1.0,0.0,6.072258166242758,0.0,5.935203978842944
omp,reduce,0.9541666666666666,0.775,0.0,3.1113009682141652,0.0,3.045776546802581,1.0,0.9785714285714286,0.0,3.8768428019378796,0.0,3.764368818823608,1.0,1.0,0.0,19.68022217001669,0.0,19.295426790168406,1.0,1.0,0.0,19.68022217001669,0.0,19.295426790168406
omp,sort,0.9333333333333332,0.025,0.0,1.049220356662909,0.0,0.9448028685006705,1.0,0.125,0.0,1.049220356662909,0.0,0.9448028685006705,1.0,1.0,0.0,1.049220356662909,0.0,0.9448028685006705,1.0,1.0,0.0,1.049220356662909,0.0,0.9448028685006705
omp,sparse_la,0.9541666666666666,0.0,0.0,0.0,0.0,0.0,1.0,0.0,0.0,0.0,0.0,0.0,1.0,1.0,0.0,0.0,0.0,0.0,1.0,1.0,0.0,0.0,0.0,0.0
omp,transform,0.9875,0.725,0.0,0.8059287593366349,0.0,0.7739530622015602,1.0,0.925,0.0,0.9701989914453575,0.0,0.9294078459156839,1.0,1.0,0.0,4.457149900663776,0.0,4.316223497028556,1.0,1.0,0.0,4.457149900663776,0.0,4.316223497028556
serial,dense_la,0.8,0.75,0.8064089631659631,0.8064089631659631,0.8064089631659631,0.8064089631659631,0.8,0.8,0.975905663272057,0.975905663272057,0.975905663272057,0.975905663272057,1.0,1.0,5.9579149250228225,5.9579149250228225,5.9579149250228225,5.9579149250228225,1.0,1.0,5.9579149250228225,5.9579149250228225,5.9579149250228225,5.9579149250228225
serial,geometry,0.9,0.6,0.9596111117009158,0.9596111117009158,0.9596111117009158,0.9596111117009158,1.0,0.6,1.0107697377463916,1.0107697377463916,1.0107697377463916,1.0107697377463916,1.0,1.0,7.676888893607327,7.676888893607327,7.676888893607327,7.676888893607327,1.0,1.0,7.676888893607327,7.676888893607327,7.676888893607327,7.676888893607327
serial,reduce,0.8,0.8,4.171207082373902,4.171207082373902,4.171207082373902,4.171207082373902,0.8,0.8,4.156849596430638,4.156849596430638,4.156849596430638,4.156849596430638,1.0,1.0,33.36965665899122,33.36965665899122,33.36965665899122,33.36965665899122,1.0,1.0,33.36965665899122,33.36965665899122,33.36965665899122,33.36965665899122
serial,sort,0.75,0.425,1.7400790434717852,1.7400790434717852,1.7400790434717852,1.7400790434717852,0.8,0.5785714285714285,1.6849178519259558,1.6849178519259558,1.6849178519259558,1.6849178519259558,1.0,1.0,11.04039952219811,11.04039952219811,11.04039952219811,11.04039952219811,1.0,1.0,11.04039952219811,11.04039952219811,11.04039952219811,11.04039952219811
serial,sparse_la,0.975,0.0,0.0,0.0,0.0,0.0,1.0,0.0,0.0,0.0,0.0,0.0,1.0,1.0,0.0,0.0,0.0,0.0,1.0,1.0,0.0,0.0,0.0,0.0
serial,transform,0.95,0.95,0.8172747381087901,0.8172747381087901,0.8172747381087901,0.8172747381087901,1.0,1.0,0.919201984469144,0.919201984469144,0.919201984469144,0.919201984469144,1.0,1.0,6.179899078040572,6.179899078040572,6.179899078040572,6.179899078040572,1.0,1.0,6.179899078040572,6.179899078040572,6.179899078040572,6.179899078040572
